batch_id,product_name,manufacturer_id,manufacture_date,expiry_date,status
BATCH-2026-5983C7,Cetirizine 10mg Tablets,MFG-IN-00007,2026-01-29,2027-07-23,active
BATCH-2026-B20ABC,Cetirizine 10mg Tablets,MFG-IN-00013,2026-03-12,2027-09-03,active
BATCH-2025-756A91,Omeprazole 20mg Capsules,MFG-IN-00009,2025-06-09,2027-11-26,active
BATCH-2026-EFB3B0,Amoxicillin 500mg Capsules,MFG-IN-00013,2026-05-22,2028-11-07,active
BATCH-2025-B95645,Losartan 50mg Tablets,MFG-IN-00006,2025-08-15,2027-02-06,active
BATCH-2026-503F53,Metformin 500mg Tablets,MFG-IN-00008,2026-03-31,2028-03-20,active
BATCH-2026-2A6273,Atorvastatin 10mg Tablets,MFG-IN-00003,2026-03-27,2029-03-11,active
BATCH-2025-5ED06A,Omeprazole 20mg Capsules,MFG-IN-00012,2025-10-11,2028-09-25,active
BATCH-2025-BFE49E,Hepatitis B Vaccine,MFG-IN-00009,2025-05-15,2027-05-05,active
BATCH-2026-541CAD,Amlodipine 5mg Tablets,MFG-IN-00010,2026-05-14,2028-05-03,active
BATCH-2025-B5AE2F,Amlodipine 5mg Tablets,MFG-IN-00001,2025-04-04,2026-09-26,active
BATCH-2026-241E74,Atorvastatin 10mg Tablets,MFG-IN-00004,2026-07-15,2029-06-29,active
BATCH-2025-A492FB,Oral Rehydration Salts Sachets,MFG-IN-00015,2025-08-18,2028-08-02,active
BATCH-2025-A39C5B,Salbutamol Inhaler 100mcg,MFG-IN-00002,2025-11-13,2028-10-28,active
BATCH-2025-79F0C1,Azithromycin 250mg Tablets,MFG-IN-00001,2025-03-30,2028-03-14,active
BATCH-2025-80C735,Amlodipine 5mg Tablets,MFG-IN-00002,2025-07-09,2027-06-29,active
BATCH-2026-76EB0B,Atorvastatin 10mg Tablets,MFG-IN-00003,2026-02-05,2028-01-26,active
BATCH-2025-9B18AA,Azithromycin 250mg Tablets,MFG-IN-00014,2025-03-22,2026-09-13,active
BATCH-2025-34FD00,Oral Rehydration Salts Sachets,MFG-IN-00008,2025-07-27,2028-07-11,active
BATCH-2025-577BF2,Doxycycline 100mg Capsules,MFG-IN-00001,2025-09-04,2028-08-19,active
BATCH-2025-6390BC,Oral Rehydration Salts Sachets,MFG-IN-00012,2025-06-11,2027-06-01,active
BATCH-2025-0584AB,Paracetamol 650mg Tablets,MFG-IN-00010,2025-10-12,2027-04-05,active
BATCH-2025-CB4FED,Cetirizine 10mg Tablets,MFG-IN-00014,2025-03-27,2026-09-18,active
BATCH-2025-2647E4,Amlodipine 5mg Tablets,MFG-IN-00002,2025-12-21,2027-06-14,active
BATCH-2026-37C67D,Metformin 500mg Tablets,MFG-IN-00001,2026-01-02,2028-06-20,active
BATCH-2025-1D5DF2,Insulin Glargine Injection,MFG-IN-00012,2025-08-15,2028-02-01,active
BATCH-2025-0B7B4A,Hepatitis B Vaccine,MFG-IN-00005,2025-10-14,2027-04-07,active
BATCH-2025-988518,Azithromycin 250mg Tablets,MFG-IN-00010,2025-04-08,2027-03-29,active
BATCH-2025-B97F17,Metformin 500mg Tablets,MFG-IN-00006,2025-08-19,2028-02-05,active
BATCH-2026-E4AD73,Losartan 50mg Tablets,MFG-IN-00009,2026-06-01,2027-11-23,active
BATCH-2025-1B7DAD,Ibuprofen 400mg Tablets,MFG-IN-00002,2025-09-04,2027-02-26,active
BATCH-2025-69E70E,Atorvastatin 10mg Tablets,MFG-IN-00003,2025-09-17,2027-09-07,active
BATCH-2026-D3F8C1,Atorvastatin 10mg Tablets,MFG-IN-00011,2026-03-10,2029-02-22,active
BATCH-2025-C4BC64,Atorvastatin 10mg Tablets,MFG-IN-00007,2025-03-17,2026-09-08,active
BATCH-2026-D09662,Cetirizine 10mg Tablets,MFG-IN-00005,2026-01-20,2029-01-04,active
BATCH-2026-222134,Ibuprofen 400mg Tablets,MFG-IN-00015,2026-04-10,2027-10-02,active
BATCH-2025-3BE2D8,Salbutamol Inhaler 100mcg,MFG-IN-00003,2025-05-20,2026-11-11,active
BATCH-2025-F0C53C,Paracetamol 650mg Tablets,MFG-IN-00013,2025-11-15,2027-11-05,active
BATCH-2026-786AE4,Salbutamol Inhaler 100mcg,MFG-IN-00006,2026-06-08,2028-05-28,active
BATCH-2025-40439A,Cetirizine 10mg Tablets,MFG-IN-00013,2025-12-28,2027-06-21,active
BATCH-2025-D2C501,Amlodipine 5mg Tablets,MFG-IN-00007,2025-09-06,2027-08-27,active
BATCH-2025-BD2AC7,Oral Rehydration Salts Sachets,MFG-IN-00001,2025-08-02,2027-07-23,active
BATCH-2025-ED0A87,Amlodipine 5mg Tablets,MFG-IN-00014,2025-08-03,2027-01-25,active
BATCH-2025-97DF25,Metformin 500mg Tablets,MFG-IN-00005,2025-09-15,2028-03-03,active
BATCH-2025-95481B,Insulin Glargine Injection,MFG-IN-00014,2025-03-04,2026-08-26,active
BATCH-2025-D65253,Paracetamol 650mg Tablets,MFG-IN-00005,2025-05-06,2028-04-20,active
BATCH-2025-0D7E7D,Azithromycin 250mg Tablets,MFG-IN-00009,2025-12-07,2027-11-27,active
BATCH-2025-757E63,Omeprazole 20mg Capsules,MFG-IN-00001,2025-11-20,2028-11-04,active
BATCH-2025-A5C087,Azithromycin 250mg Tablets,MFG-IN-00011,2025-10-02,2028-03-20,active
BATCH-2026-C2987C,Losartan 50mg Tablets,MFG-IN-00012,2026-04-17,2028-04-06,active
BATCH-2026-F05656,Cetirizine 10mg Tablets,MFG-IN-00007,2026-06-04,2028-11-20,active
BATCH-2025-A4D641,Losartan 50mg Tablets,MFG-IN-00005,2025-07-24,2028-07-08,active
BATCH-2026-D0BB0F,Omeprazole 20mg Capsules,MFG-IN-00008,2026-03-15,2029-02-27,active
BATCH-2025-17736C,Insulin Glargine Injection,MFG-IN-00005,2025-04-24,2027-04-14,active
BATCH-2025-1FE526,Ibuprofen 400mg Tablets,MFG-IN-00004,2025-03-01,2026-08-23,active
BATCH-2026-E97659,Metformin 500mg Tablets,MFG-IN-00013,2026-01-30,2029-01-14,active
BATCH-2025-217DF3,Oral Rehydration Salts Sachets,MFG-IN-00007,2025-12-18,2027-12-08,active
BATCH-2026-4105E9,Azithromycin 250mg Tablets,MFG-IN-00014,2026-01-07,2027-12-28,active
BATCH-2025-B7EE89,Amlodipine 5mg Tablets,MFG-IN-00009,2025-05-16,2028-04-30,active
BATCH-2026-975971,Insulin Glargine Injection,MFG-IN-00009,2026-01-20,2029-01-04,active
BATCH-2026-5D1681,Oral Rehydration Salts Sachets,MFG-IN-00003,2026-01-26,2028-07-14,active
BATCH-2026-6238CF,Oral Rehydration Salts Sachets,MFG-IN-00005,2026-06-12,2028-06-01,active
BATCH-2025-683A8A,Amlodipine 5mg Tablets,MFG-IN-00005,2025-09-10,2028-02-27,active
BATCH-2025-9C0E89,Amlodipine 5mg Tablets,MFG-IN-00003,2025-12-05,2027-11-25,active
BATCH-2026-8D94AF,Insulin Glargine Injection,MFG-IN-00007,2026-04-08,2029-03-23,active
BATCH-2026-FA009C,Doxycycline 100mg Capsules,MFG-IN-00007,2026-05-10,2027-11-01,active
BATCH-2025-BF71CF,Losartan 50mg Tablets,MFG-IN-00006,2025-12-10,2028-11-24,active
BATCH-2026-BFBD63,Amlodipine 5mg Tablets,MFG-IN-00015,2026-02-25,2028-02-15,active
BATCH-2026-BEA5BA,Insulin Glargine Injection,MFG-IN-00007,2026-07-15,2029-06-29,active
BATCH-2026-4CFF4C,Ibuprofen 400mg Tablets,MFG-IN-00015,2026-06-09,2027-12-01,active
BATCH-2025-0782AE,Amoxicillin 500mg Capsules,MFG-IN-00011,2025-04-17,2028-04-01,active
BATCH-2025-E92C99,Doxycycline 100mg Capsules,MFG-IN-00005,2025-10-23,2027-10-13,active
BATCH-2025-F77F89,Doxycycline 100mg Capsules,MFG-IN-00015,2025-09-15,2028-08-30,active
BATCH-2025-E4DBFD,Paracetamol 650mg Tablets,MFG-IN-00012,2025-11-09,2027-10-30,recalled
BATCH-2025-CDDC5D,Paracetamol 650mg Tablets,MFG-IN-00011,2025-03-07,2027-02-25,active
BATCH-2026-A44C09,Ibuprofen 400mg Tablets,MFG-IN-00004,2026-02-13,2027-08-07,active
BATCH-2025-DC54D7,Ciprofloxacin 500mg Tablets,MFG-IN-00005,2025-06-21,2026-12-13,active
BATCH-2025-CB2E1F,Amoxicillin 500mg Capsules,MFG-IN-00002,2025-10-11,2028-09-25,active
BATCH-2025-C5A280,Amlodipine 5mg Tablets,MFG-IN-00012,2025-05-01,2027-10-18,active
BATCH-2025-B3909C,Paracetamol 650mg Tablets,MFG-IN-00010,2025-11-07,2028-10-22,active
BATCH-2025-C011FF,Insulin Glargine Injection,MFG-IN-00011,2025-02-20,2028-02-05,active
BATCH-2025-35DC60,Hepatitis B Vaccine,MFG-IN-00006,2025-06-09,2028-05-24,active
BATCH-2026-112409,Oral Rehydration Salts Sachets,MFG-IN-00005,2026-02-07,2029-01-22,active
BATCH-2025-321333,Metformin 500mg Tablets,MFG-IN-00004,2025-09-15,2028-08-30,active
BATCH-2025-49E09E,Doxycycline 100mg Capsules,MFG-IN-00011,2025-10-30,2027-04-23,active
BATCH-2025-0061A9,Ciprofloxacin 500mg Tablets,MFG-IN-00004,2025-08-30,2028-02-16,active
BATCH-2025-7EB7AE,Omeprazole 20mg Capsules,MFG-IN-00009,2025-04-18,2027-04-08,active
BATCH-2026-7DDDB4,Amlodipine 5mg Tablets,MFG-IN-00013,2026-08-01,2029-07-16,active
BATCH-2025-F31A47,Metformin 500mg Tablets,MFG-IN-00001,2025-09-27,2027-09-17,active
BATCH-2026-0E6700,Ciprofloxacin 500mg Tablets,MFG-IN-00010,2026-02-13,2028-08-01,active
BATCH-2025-55257B,Atorvastatin 10mg Tablets,MFG-IN-00008,2025-10-07,2028-03-25,active
BATCH-2026-95E090,Azithromycin 250mg Tablets,MFG-IN-00006,2026-04-03,2028-03-23,active
BATCH-2025-ED5203,Losartan 50mg Tablets,MFG-IN-00005,2025-04-30,2027-04-20,active
BATCH-2026-C6A9EC,Amoxicillin 500mg Capsules,MFG-IN-00005,2026-04-01,2028-03-21,active
BATCH-2026-618277,Losartan 50mg Tablets,MFG-IN-00009,2026-08-06,2028-07-26,active
BATCH-2026-480286,Losartan 50mg Tablets,MFG-IN-00001,2026-02-10,2029-01-25,active
BATCH-2026-EE925D,Atorvastatin 10mg Tablets,MFG-IN-00001,2026-02-17,2027-08-11,active
BATCH-2025-69598B,Paracetamol 650mg Tablets,MFG-IN-00002,2025-06-08,2027-05-29,active
BATCH-2026-0E7496,Azithromycin 250mg Tablets,MFG-IN-00004,2026-04-20,2029-04-04,active
BATCH-2026-4B5F8B,Hepatitis B Vaccine,MFG-IN-00007,2026-01-20,2028-07-08,active
BATCH-2026-DB8A85,Paracetamol 650mg Tablets,MFG-IN-00010,2026-05-30,2027-11-21,active
BATCH-2025-DF6C9E,Metformin 500mg Tablets,MFG-IN-00005,2025-06-12,2027-06-02,active
BATCH-2026-C48305,Hepatitis B Vaccine,MFG-IN-00007,2026-07-31,2029-07-15,active
BATCH-2026-0954DA,Losartan 50mg Tablets,MFG-IN-00012,2026-01-29,2027-07-23,active
BATCH-2026-2BE76F,Omeprazole 20mg Capsules,MFG-IN-00013,2026-01-07,2027-07-01,active
BATCH-2025-32E22B,Atorvastatin 10mg Tablets,MFG-IN-00015,2025-06-01,2026-11-23,active
BATCH-2026-810079,Losartan 50mg Tablets,MFG-IN-00010,2026-01-18,2027-07-12,active
BATCH-2026-0ECCAE,Oral Rehydration Salts Sachets,MFG-IN-00005,2026-01-17,2027-07-11,recalled
BATCH-2026-FC4C9C,Insulin Glargine Injection,MFG-IN-00012,2026-05-25,2028-11-10,active
BATCH-2026-DECA22,Amoxicillin 500mg Capsules,MFG-IN-00011,2026-07-18,2029-01-03,active
BATCH-2026-1F9325,Oral Rehydration Salts Sachets,MFG-IN-00003,2026-03-21,2029-03-05,active
BATCH-2026-241C41,Salbutamol Inhaler 100mcg,MFG-IN-00010,2026-06-19,2029-06-03,active
BATCH-2026-DBABB1,Insulin Glargine Injection,MFG-IN-00006,2026-07-16,2028-01-07,active
BATCH-2025-FD22B1,Oral Rehydration Salts Sachets,MFG-IN-00012,2025-09-22,2028-09-06,active
BATCH-2025-0DF923,Atorvastatin 10mg Tablets,MFG-IN-00006,2025-10-20,2027-04-13,active
BATCH-2026-578222,Amoxicillin 500mg Capsules,MFG-IN-00014,2026-07-06,2029-06-20,active
BATCH-2026-0D1E41,Oral Rehydration Salts Sachets,MFG-IN-00006,2026-06-11,2029-05-26,active
BATCH-2025-55BC0F,Ibuprofen 400mg Tablets,MFG-IN-00009,2025-09-22,2028-09-06,active
BATCH-2025-4EB641,Amlodipine 5mg Tablets,MFG-IN-00011,2025-06-14,2027-12-01,active
BATCH-2025-D2B5EC,Amlodipine 5mg Tablets,MFG-IN-00002,2025-05-10,2028-04-24,active
BATCH-2025-5D4D1B,Oral Rehydration Salts Sachets,MFG-IN-00003,2025-09-25,2028-03-13,active
BATCH-2026-544B9B,Hepatitis B Vaccine,MFG-IN-00004,2026-04-15,2028-04-04,active
BATCH-2025-530755,Ibuprofen 400mg Tablets,MFG-IN-00009,2025-04-06,2027-09-23,active
BATCH-2025-E9051D,Atorvastatin 10mg Tablets,MFG-IN-00013,2025-02-12,2027-08-01,active
BATCH-2025-699935,Oral Rehydration Salts Sachets,MFG-IN-00010,2025-06-06,2028-05-21,active
BATCH-2026-60B58D,Doxycycline 100mg Capsules,MFG-IN-00009,2026-01-30,2028-07-18,active
BATCH-2025-F64395,Doxycycline 100mg Capsules,MFG-IN-00004,2025-08-11,2028-07-26,active
BATCH-2025-463C8D,Doxycycline 100mg Capsules,MFG-IN-00012,2025-12-07,2027-11-27,active
BATCH-2025-44C927,Insulin Glargine Injection,MFG-IN-00010,2025-04-29,2028-04-13,active
BATCH-2025-2213F6,Ibuprofen 400mg Tablets,MFG-IN-00001,2025-12-26,2027-12-16,active
BATCH-2026-20DDB0,Insulin Glargine Injection,MFG-IN-00005,2026-06-10,2029-05-25,active
BATCH-2025-3F3990,Doxycycline 100mg Capsules,MFG-IN-00014,2025-10-14,2028-09-28,active
BATCH-2026-E5BE38,Amlodipine 5mg Tablets,MFG-IN-00002,2026-06-16,2028-12-02,active
BATCH-2026-8706E3,Azithromycin 250mg Tablets,MFG-IN-00002,2026-01-21,2028-01-11,active
BATCH-2025-5180D6,Insulin Glargine Injection,MFG-IN-00001,2025-03-26,2027-09-12,active
BATCH-2026-97D449,Salbutamol Inhaler 100mcg,MFG-IN-00004,2026-04-26,2028-04-15,active
BATCH-2026-B49919,Doxycycline 100mg Capsules,MFG-IN-00014,2026-06-07,2028-05-27,active
BATCH-2026-CA3379,Atorvastatin 10mg Tablets,MFG-IN-00011,2026-02-02,2028-07-21,active
BATCH-2026-E72DC6,Losartan 50mg Tablets,MFG-IN-00008,2026-07-22,2028-07-11,active
BATCH-2026-7B7B7E,Losartan 50mg Tablets,MFG-IN-00010,2026-06-22,2029-06-06,active
BATCH-2025-47BE6B,Omeprazole 20mg Capsules,MFG-IN-00005,2025-12-06,2028-11-20,active
BATCH-2026-AEDC79,Losartan 50mg Tablets,MFG-IN-00006,2026-08-08,2029-01-24,active
BATCH-2026-469801,Paracetamol 650mg Tablets,MFG-IN-00010,2026-05-28,2029-05-12,active
BATCH-2025-2DACF8,Ciprofloxacin 500mg Tablets,MFG-IN-00004,2025-07-31,2027-07-21,active
BATCH-2026-B9F5CC,Ibuprofen 400mg Tablets,MFG-IN-00012,2026-06-13,2027-12-05,active
BATCH-2026-2DAA4D,Paracetamol 650mg Tablets,MFG-IN-00008,2026-05-07,2028-10-23,active
BATCH-2025-CA1E30,Insulin Glargine Injection,MFG-IN-00005,2025-12-30,2027-12-20,active
BATCH-2026-28A28F,Ciprofloxacin 500mg Tablets,MFG-IN-00015,2026-03-30,2028-09-15,active
BATCH-2025-3ED1D6,Oral Rehydration Salts Sachets,MFG-IN-00014,2025-09-28,2028-03-16,active
BATCH-2025-04C02D,Ibuprofen 400mg Tablets,MFG-IN-00002,2025-08-05,2028-07-20,active
BATCH-2025-8323F6,Amoxicillin 500mg Capsules,MFG-IN-00007,2025-09-04,2027-02-26,active
BATCH-2026-BA2C0B,Atorvastatin 10mg Tablets,MFG-IN-00011,2026-05-11,2029-04-25,active
BATCH-2025-CE4DC4,Oral Rehydration Salts Sachets,MFG-IN-00004,2025-03-02,2027-08-19,active
BATCH-2026-E86578,Hepatitis B Vaccine,MFG-IN-00011,2026-08-09,2029-01-25,active
BATCH-2025-F81BAF,Paracetamol 650mg Tablets,MFG-IN-00001,2025-10-05,2028-09-19,active
BATCH-2025-4718EA,Ibuprofen 400mg Tablets,MFG-IN-00009,2025-12-09,2028-11-23,active
BATCH-2025-DC78D9,Ibuprofen 400mg Tablets,MFG-IN-00012,2025-12-30,2027-06-23,active
BATCH-2026-F52624,Paracetamol 650mg Tablets,MFG-IN-00005,2026-08-01,2029-01-17,active
BATCH-2025-6E975B,Ciprofloxacin 500mg Tablets,MFG-IN-00004,2025-04-29,2027-10-16,active
BATCH-2025-03DF65,Omeprazole 20mg Capsules,MFG-IN-00005,2025-05-16,2028-04-30,active
BATCH-2025-C77917,Amoxicillin 500mg Capsules,MFG-IN-00010,2025-03-22,2027-09-08,active
BATCH-2026-3C6302,Metformin 500mg Tablets,MFG-IN-00004,2026-04-17,2028-04-06,active
BATCH-2025-501BC6,Insulin Glargine Injection,MFG-IN-00004,2025-06-05,2026-11-27,active
BATCH-2025-9B0F74,Atorvastatin 10mg Tablets,MFG-IN-00009,2025-06-26,2026-12-18,active
BATCH-2026-1FDC3B,Amlodipine 5mg Tablets,MFG-IN-00006,2026-05-14,2028-10-30,active
BATCH-2026-4E3CB3,Salbutamol Inhaler 100mcg,MFG-IN-00003,2026-03-26,2027-09-17,active
BATCH-2026-AAFF4F,Ciprofloxacin 500mg Tablets,MFG-IN-00013,2026-03-16,2027-09-07,active
BATCH-2026-FA26A5,Paracetamol 650mg Tablets,MFG-IN-00010,2026-07-07,2028-12-23,active
BATCH-2026-8EE4A7,Doxycycline 100mg Capsules,MFG-IN-00008,2026-01-08,2027-07-02,active
BATCH-2026-2F1AA0,Insulin Glargine Injection,MFG-IN-00002,2026-05-29,2028-05-18,active
BATCH-2025-033F39,Insulin Glargine Injection,MFG-IN-00011,2025-12-03,2028-05-21,active
BATCH-2026-F966E3,Azithromycin 250mg Tablets,MFG-IN-00002,2026-07-04,2028-06-23,active
BATCH-2026-BB58B1,Insulin Glargine Injection,MFG-IN-00007,2026-01-29,2029-01-13,active
BATCH-2025-89C2B4,Atorvastatin 10mg Tablets,MFG-IN-00006,2025-11-28,2027-11-18,active
BATCH-2025-B9C2BC,Metformin 500mg Tablets,MFG-IN-00014,2025-04-24,2028-04-08,active
BATCH-2026-AEE114,Paracetamol 650mg Tablets,MFG-IN-00009,2026-05-12,2028-10-28,active
BATCH-2025-4B9ED0,Salbutamol Inhaler 100mcg,MFG-IN-00014,2025-03-22,2027-09-08,active
BATCH-2025-71E47E,Omeprazole 20mg Capsules,MFG-IN-00010,2025-06-11,2028-05-26,active
BATCH-2025-5BD69E,Ciprofloxacin 500mg Tablets,MFG-IN-00009,2025-05-11,2027-10-28,active
BATCH-2026-8BD963,Amoxicillin 500mg Capsules,MFG-IN-00014,2026-05-30,2028-11-15,active
BATCH-2025-B753C3,Losartan 50mg Tablets,MFG-IN-00013,2025-11-01,2028-04-19,active
BATCH-2025-D9415B,Doxycycline 100mg Capsules,MFG-IN-00010,2025-04-06,2027-03-27,active
BATCH-2025-B29A61,Omeprazole 20mg Capsules,MFG-IN-00009,2025-11-30,2028-11-14,active
BATCH-2026-3F18C6,Insulin Glargine Injection,MFG-IN-00005,2026-04-27,2027-10-19,active
BATCH-2026-0F416A,Paracetamol 650mg Tablets,MFG-IN-00013,2026-07-19,2028-01-10,active
BATCH-2025-5951BA,Hepatitis B Vaccine,MFG-IN-00008,2025-12-29,2028-06-16,active
BATCH-2025-02B5AD,Azithromycin 250mg Tablets,MFG-IN-00007,2025-09-19,2028-09-03,active
BATCH-2025-01C499,Paracetamol 650mg Tablets,MFG-IN-00007,2025-02-16,2027-02-06,active
BATCH-2025-CBBE06,Atorvastatin 10mg Tablets,MFG-IN-00013,2025-09-23,2028-03-11,active
BATCH-2025-D5762C,Cetirizine 10mg Tablets,MFG-IN-00007,2025-05-22,2028-05-06,active
BATCH-2025-33EB20,Ciprofloxacin 500mg Tablets,MFG-IN-00014,2025-04-07,2028-03-22,active
BATCH-2025-5C4D31,Metformin 500mg Tablets,MFG-IN-00008,2025-10-12,2028-09-26,active
BATCH-2025-A2A94F,Losartan 50mg Tablets,MFG-IN-00007,2025-05-11,2028-04-25,active
BATCH-2026-3CDF4B,Hepatitis B Vaccine,MFG-IN-00010,2026-07-31,2029-01-16,active
BATCH-2026-8933F6,Salbutamol Inhaler 100mcg,MFG-IN-00004,2026-05-14,2029-04-28,active
BATCH-2025-47E7DC,Insulin Glargine Injection,MFG-IN-00005,2025-08-02,2028-01-19,active
BATCH-2026-586BE0,Azithromycin 250mg Tablets,MFG-IN-00011,2026-03-30,2028-03-19,active
BATCH-2025-593C0A,Ibuprofen 400mg Tablets,MFG-IN-00014,2025-08-13,2027-02-04,active
BATCH-2026-190A14,Ibuprofen 400mg Tablets,MFG-IN-00010,2026-07-05,2027-12-27,active
BATCH-2026-DDB369,Hepatitis B Vaccine,MFG-IN-00010,2026-07-25,2029-01-10,active
BATCH-2026-C3BD1B,Oral Rehydration Salts Sachets,MFG-IN-00002,2026-01-20,2028-07-08,active
BATCH-2025-B78E73,Metformin 500mg Tablets,MFG-IN-00006,2025-10-10,2028-09-24,active
BATCH-2025-BAA28C,Losartan 50mg Tablets,MFG-IN-00014,2025-04-11,2026-10-03,active
BATCH-2026-FFB2CD,Paracetamol 650mg Tablets,MFG-IN-00010,2026-01-26,2028-01-16,active
BATCH-2025-7D4E3B,Hepatitis B Vaccine,MFG-IN-00001,2025-05-02,2027-10-19,active
BATCH-2025-20B1AE,Paracetamol 650mg Tablets,MFG-IN-00003,2025-08-22,2028-08-06,active
BATCH-2025-996F26,Ciprofloxacin 500mg Tablets,MFG-IN-00003,2025-11-27,2028-05-15,active
BATCH-2026-BBA79F,Paracetamol 650mg Tablets,MFG-IN-00011,2026-06-16,2028-12-02,active
BATCH-2025-5C6461,Doxycycline 100mg Capsules,MFG-IN-00011,2025-09-19,2028-03-07,active
BATCH-2025-97EDBF,Ibuprofen 400mg Tablets,MFG-IN-00010,2025-11-09,2028-04-27,active
BATCH-2025-57CF44,Metformin 500mg Tablets,MFG-IN-00012,2025-10-09,2028-09-23,active
BATCH-2026-BF5E7A,Metformin 500mg Tablets,MFG-IN-00011,2026-06-27,2029-06-11,active
BATCH-2025-8303ED,Cetirizine 10mg Tablets,MFG-IN-00005,2025-07-27,2028-01-13,active
BATCH-2025-AF8A66,Ibuprofen 400mg Tablets,MFG-IN-00003,2025-04-11,2027-09-28,active
BATCH-2026-D49CA5,Paracetamol 650mg Tablets,MFG-IN-00009,2026-07-10,2028-12-26,active
BATCH-2025-3BB0D2,Cetirizine 10mg Tablets,MFG-IN-00003,2025-07-01,2027-06-21,active
BATCH-2026-71CF93,Amlodipine 5mg Tablets,MFG-IN-00006,2026-01-22,2028-07-10,active
BATCH-2026-00A6CD,Losartan 50mg Tablets,MFG-IN-00004,2026-02-10,2028-01-31,recalled
BATCH-2026-44CF18,Doxycycline 100mg Capsules,MFG-IN-00005,2026-03-08,2029-02-20,active
BATCH-2025-CFED66,Atorvastatin 10mg Tablets,MFG-IN-00003,2025-03-23,2028-03-07,active
BATCH-2025-9E08F3,Azithromycin 250mg Tablets,MFG-IN-00002,2025-09-20,2027-03-14,active
BATCH-2026-04389A,Ibuprofen 400mg Tablets,MFG-IN-00015,2026-01-16,2027-07-10,active
BATCH-2025-8278ED,Ciprofloxacin 500mg Tablets,MFG-IN-00015,2025-03-03,2028-02-16,active
BATCH-2025-76D5E2,Doxycycline 100mg Capsules,MFG-IN-00004,2025-04-15,2027-10-02,active
BATCH-2025-10C720,Insulin Glargine Injection,MFG-IN-00002,2025-06-04,2027-05-25,active
BATCH-2026-7336ED,Ibuprofen 400mg Tablets,MFG-IN-00008,2026-02-10,2029-01-25,active
BATCH-2025-92F2D9,Atorvastatin 10mg Tablets,MFG-IN-00001,2025-07-28,2027-07-18,active
BATCH-2025-800B3A,Losartan 50mg Tablets,MFG-IN-00013,2025-08-14,2028-01-31,active
BATCH-2025-4D28BC,Hepatitis B Vaccine,MFG-IN-00011,2025-03-31,2026-09-22,active
BATCH-2025-3AC93A,Amlodipine 5mg Tablets,MFG-IN-00001,2025-06-02,2027-11-19,active
BATCH-2025-8FEA95,Salbutamol Inhaler 100mcg,MFG-IN-00004,2025-07-06,2026-12-28,active
BATCH-2025-45F2E1,Amoxicillin 500mg Capsules,MFG-IN-00009,2025-12-11,2028-11-25,active
BATCH-2025-E2806F,Amoxicillin 500mg Capsules,MFG-IN-00005,2025-11-15,2027-05-09,active
BATCH-2026-15DB97,Azithromycin 250mg Tablets,MFG-IN-00011,2026-05-08,2028-10-24,active
BATCH-2026-544D89,Cetirizine 10mg Tablets,MFG-IN-00006,2026-07-27,2029-07-11,active
BATCH-2025-E684CB,Ibuprofen 400mg Tablets,MFG-IN-00013,2025-04-01,2028-03-16,active
BATCH-2025-69E1FB,Omeprazole 20mg Capsules,MFG-IN-00013,2025-03-15,2027-09-01,active
BATCH-2025-95E18B,Oral Rehydration Salts Sachets,MFG-IN-00014,2025-08-26,2027-02-17,active
BATCH-2026-61F5DB,Paracetamol 650mg Tablets,MFG-IN-00014,2026-07-05,2028-12-21,active
BATCH-2026-CE201F,Doxycycline 100mg Capsules,MFG-IN-00007,2026-01-18,2029-01-02,active
BATCH-2026-8F1D04,Ciprofloxacin 500mg Tablets,MFG-IN-00008,2026-03-21,2028-09-06,active
BATCH-2026-D16BD1,Salbutamol Inhaler 100mcg,MFG-IN-00002,2026-05-24,2028-05-13,active
BATCH-2026-C4543C,Insulin Glargine Injection,MFG-IN-00002,2026-07-09,2028-12-25,active
BATCH-2026-C2A936,Cetirizine 10mg Tablets,MFG-IN-00007,2026-07-31,2029-07-15,active
BATCH-2026-273AED,Ciprofloxacin 500mg Tablets,MFG-IN-00014,2026-06-03,2029-05-18,active
BATCH-2025-219831,Doxycycline 100mg Capsules,MFG-IN-00011,2025-11-20,2027-11-10,active
BATCH-2025-AB735E,Hepatitis B Vaccine,MFG-IN-00010,2025-03-10,2027-02-28,active
BATCH-2025-CFA444,Ciprofloxacin 500mg Tablets,MFG-IN-00006,2025-12-05,2027-05-29,active
BATCH-2026-238712,Ciprofloxacin 500mg Tablets,MFG-IN-00006,2026-01-21,2027-07-15,active
BATCH-2026-814910,Insulin Glargine Injection,MFG-IN-00007,2026-06-30,2028-12-16,active
BATCH-2026-CF0750,Oral Rehydration Salts Sachets,MFG-IN-00003,2026-03-20,2029-03-04,active
BATCH-2025-CE2473,Hepatitis B Vaccine,MFG-IN-00005,2025-07-27,2028-01-13,active
BATCH-2026-384CA7,Metformin 500mg Tablets,MFG-IN-00003,2026-01-28,2028-01-18,active
BATCH-2026-5831B4,Insulin Glargine Injection,MFG-IN-00013,2026-07-14,2028-12-30,active
BATCH-2025-540DE5,Losartan 50mg Tablets,MFG-IN-00005,2025-06-13,2027-06-03,active
BATCH-2025-BDBA7B,Omeprazole 20mg Capsules,MFG-IN-00002,2025-05-29,2027-05-19,active
BATCH-2026-AB864E,Ciprofloxacin 500mg Tablets,MFG-IN-00009,2026-02-09,2028-01-30,active
BATCH-2026-939F83,Oral Rehydration Salts Sachets,MFG-IN-00007,2026-03-26,2029-03-10,active
BATCH-2025-3DD669,Ibuprofen 400mg Tablets,MFG-IN-00002,2025-10-15,2027-04-08,active
BATCH-2026-6CC1AE,Ibuprofen 400mg Tablets,MFG-IN-00006,2026-04-15,2028-04-04,active
BATCH-2025-7E9FDC,Paracetamol 650mg Tablets,MFG-IN-00015,2025-05-18,2027-05-08,active
BATCH-2025-77F926,Amlodipine 5mg Tablets,MFG-IN-00015,2025-11-06,2028-04-24,active
BATCH-2025-2E1BC6,Atorvastatin 10mg Tablets,MFG-IN-00011,2025-05-19,2027-11-05,active
BATCH-2026-E142FE,Cetirizine 10mg Tablets,MFG-IN-00011,2026-05-16,2028-05-05,active
BATCH-2025-4D0240,Paracetamol 650mg Tablets,MFG-IN-00010,2025-03-05,2026-08-27,active
BATCH-2026-227DAA,Salbutamol Inhaler 100mcg,MFG-IN-00013,2026-06-06,2027-11-28,active
BATCH-2025-EBE1B2,Oral Rehydration Salts Sachets,MFG-IN-00005,2025-08-20,2028-08-04,active
BATCH-2026-7839A2,Cetirizine 10mg Tablets,MFG-IN-00001,2026-01-18,2029-01-02,active
BATCH-2025-94ACCB,Ibuprofen 400mg Tablets,MFG-IN-00010,2025-10-11,2028-03-29,recalled
BATCH-2026-C1FA54,Ciprofloxacin 500mg Tablets,MFG-IN-00003,2026-03-17,2027-09-08,active
BATCH-2025-9CAF1D,Hepatitis B Vaccine,MFG-IN-00005,2025-08-22,2027-08-12,active
BATCH-2025-77D130,Salbutamol Inhaler 100mcg,MFG-IN-00007,2025-08-22,2027-08-12,active
BATCH-2025-BA327A,Insulin Glargine Injection,MFG-IN-00012,2025-07-08,2027-06-28,active
BATCH-2026-85F602,Losartan 50mg Tablets,MFG-IN-00015,2026-03-04,2027-08-26,active
BATCH-2026-4A3B56,Omeprazole 20mg Capsules,MFG-IN-00004,2026-05-10,2028-10-26,active
BATCH-2025-6D091A,Oral Rehydration Salts Sachets,MFG-IN-00010,2025-09-20,2027-03-14,active
BATCH-2025-E56147,Atorvastatin 10mg Tablets,MFG-IN-00015,2025-11-22,2028-11-06,active
BATCH-2025-118A94,Omeprazole 20mg Capsules,MFG-IN-00010,2025-11-19,2028-05-07,active
BATCH-2026-E2A0BA,Atorvastatin 10mg Tablets,MFG-IN-00013,2026-06-10,2027-12-02,active
BATCH-2026-9134D5,Insulin Glargine Injection,MFG-IN-00013,2026-04-20,2028-10-06,active
BATCH-2026-9E8B7F,Doxycycline 100mg Capsules,MFG-IN-00009,2026-03-06,2027-08-28,active
BATCH-2026-325569,Oral Rehydration Salts Sachets,MFG-IN-00006,2026-03-21,2029-03-05,active
BATCH-2025-3DBCCA,Insulin Glargine Injection,MFG-IN-00015,2025-06-17,2028-06-01,active
BATCH-2026-6A1B09,Oral Rehydration Salts Sachets,MFG-IN-00009,2026-04-24,2028-10-10,active
BATCH-2025-24CE66,Azithromycin 250mg Tablets,MFG-IN-00011,2025-12-31,2028-06-18,active
BATCH-2025-4E4D68,Amlodipine 5mg Tablets,MFG-IN-00005,2025-03-22,2028-03-06,active
BATCH-2025-4F0080,Doxycycline 100mg Capsules,MFG-IN-00010,2025-06-05,2027-05-26,active
BATCH-2026-6A4ED4,Insulin Glargine Injection,MFG-IN-00008,2026-01-02,2027-12-23,recalled
BATCH-2025-8AB351,Oral Rehydration Salts Sachets,MFG-IN-00013,2025-03-31,2027-03-21,active
BATCH-2026-612856,Oral Rehydration Salts Sachets,MFG-IN-00011,2026-03-26,2029-03-10,active
BATCH-2026-4DF5D4,Insulin Glargine Injection,MFG-IN-00009,2026-04-11,2028-09-27,active
BATCH-2025-84425D,Amlodipine 5mg Tablets,MFG-IN-00004,2025-09-15,2028-03-03,active
BATCH-2026-00A5A7,Omeprazole 20mg Capsules,MFG-IN-00012,2026-08-01,2029-07-16,active
BATCH-2025-8D023A,Atorvastatin 10mg Tablets,MFG-IN-00015,2025-09-22,2027-03-16,active
BATCH-2025-326C8A,Ciprofloxacin 500mg Tablets,MFG-IN-00007,2025-06-04,2027-11-21,active
BATCH-2026-45425F,Ciprofloxacin 500mg Tablets,MFG-IN-00002,2026-01-20,2028-07-08,active
BATCH-2026-250AB2,Atorvastatin 10mg Tablets,MFG-IN-00014,2026-04-23,2028-10-09,active
BATCH-2025-14969F,Amlodipine 5mg Tablets,MFG-IN-00010,2025-08-18,2027-02-09,active
BATCH-2025-18400B,Paracetamol 650mg Tablets,MFG-IN-00004,2025-04-29,2028-04-13,active
BATCH-2025-1B5461,Ibuprofen 400mg Tablets,MFG-IN-00013,2025-02-15,2027-02-05,active
BATCH-2025-054065,Losartan 50mg Tablets,MFG-IN-00004,2025-10-18,2028-04-05,active
BATCH-2026-5D42AD,Amlodipine 5mg Tablets,MFG-IN-00002,2026-04-02,2027-09-24,active
BATCH-2025-7242EB,Cetirizine 10mg Tablets,MFG-IN-00014,2025-03-11,2028-02-24,active
BATCH-2025-D8173A,Losartan 50mg Tablets,MFG-IN-00012,2025-03-12,2026-09-03,active
BATCH-2026-38324A,Losartan 50mg Tablets,MFG-IN-00006,2026-01-29,2029-01-13,active
BATCH-2025-7BDB86,Atorvastatin 10mg Tablets,MFG-IN-00008,2025-07-10,2027-01-01,active
BATCH-2025-50B527,Atorvastatin 10mg Tablets,MFG-IN-00011,2025-07-05,2026-12-27,active
BATCH-2025-A48CCB,Omeprazole 20mg Capsules,MFG-IN-00010,2025-06-27,2028-06-11,active
BATCH-2026-BF12D8,Doxycycline 100mg Capsules,MFG-IN-00002,2026-07-15,2028-01-06,active
BATCH-2025-18D3EC,Amlodipine 5mg Tablets,MFG-IN-00015,2025-02-16,2027-08-05,active
BATCH-2025-66F1BC,Insulin Glargine Injection,MFG-IN-00005,2025-10-03,2027-03-27,active
BATCH-2026-79F847,Azithromycin 250mg Tablets,MFG-IN-00001,2026-02-07,2028-07-26,active
BATCH-2026-B64675,Losartan 50mg Tablets,MFG-IN-00015,2026-08-01,2028-01-23,active
BATCH-2025-AEFCAE,Amlodipine 5mg Tablets,MFG-IN-00004,2025-05-25,2028-05-09,active
BATCH-2025-6226FE,Ciprofloxacin 500mg Tablets,MFG-IN-00010,2025-12-30,2028-12-14,active
BATCH-2025-E4683F,Omeprazole 20mg Capsules,MFG-IN-00014,2025-08-22,2027-02-13,active
BATCH-2026-023389,Metformin 500mg Tablets,MFG-IN-00006,2026-04-25,2027-10-17,active
BATCH-2025-61F987,Ibuprofen 400mg Tablets,MFG-IN-00004,2025-06-18,2027-12-05,active
BATCH-2026-221D57,Omeprazole 20mg Capsules,MFG-IN-00011,2026-05-09,2029-04-23,recalled
BATCH-2025-BC0BF7,Hepatitis B Vaccine,MFG-IN-00001,2025-05-24,2028-05-08,active
BATCH-2025-C4E785,Losartan 50mg Tablets,MFG-IN-00011,2025-02-27,2028-02-12,active
BATCH-2025-2F0303,Metformin 500mg Tablets,MFG-IN-00010,2025-03-18,2028-03-02,active
BATCH-2026-44C967,Metformin 500mg Tablets,MFG-IN-00001,2026-02-12,2027-08-06,active
BATCH-2025-86B93F,Salbutamol Inhaler 100mcg,MFG-IN-00003,2025-11-28,2028-11-12,active
BATCH-2026-B75238,Ibuprofen 400mg Tablets,MFG-IN-00011,2026-07-03,2028-12-19,active
BATCH-2025-A2C4B0,Ibuprofen 400mg Tablets,MFG-IN-00007,2025-08-02,2027-01-24,active
BATCH-2026-7F696B,Salbutamol Inhaler 100mcg,MFG-IN-00008,2026-03-31,2029-03-15,active
BATCH-2025-AD5176,Ibuprofen 400mg Tablets,MFG-IN-00006,2025-09-13,2027-09-03,active
BATCH-2026-76FA53,Salbutamol Inhaler 100mcg,MFG-IN-00011,2026-06-03,2027-11-25,active
BATCH-2026-8537E8,Paracetamol 650mg Tablets,MFG-IN-00010,2026-01-23,2027-07-17,recalled
BATCH-2025-B17F25,Omeprazole 20mg Capsules,MFG-IN-00004,2025-03-26,2027-03-16,active
BATCH-2026-16EA8E,Insulin Glargine Injection,MFG-IN-00015,2026-05-05,2028-10-21,active
BATCH-2025-C11756,Amlodipine 5mg Tablets,MFG-IN-00011,2025-12-29,2028-06-16,active
BATCH-2026-39E86E,Cetirizine 10mg Tablets,MFG-IN-00010,2026-06-12,2029-05-27,active
BATCH-2026-610091,Doxycycline 100mg Capsules,MFG-IN-00006,2026-03-25,2028-09-10,active
BATCH-2025-38E6D5,Doxycycline 100mg Capsules,MFG-IN-00005,2025-07-03,2028-06-17,active
BATCH-2026-495A04,Ibuprofen 400mg Tablets,MFG-IN-00012,2026-02-05,2027-07-30,active
BATCH-2025-A43F3E,Ibuprofen 400mg Tablets,MFG-IN-00009,2025-12-09,2027-11-29,active
BATCH-2025-DF4D70,Hepatitis B Vaccine,MFG-IN-00002,2025-11-26,2027-05-20,active
BATCH-2025-61A76A,Paracetamol 650mg Tablets,MFG-IN-00007,2025-04-08,2027-03-29,active
BATCH-2025-582EDE,Insulin Glargine Injection,MFG-IN-00014,2025-10-04,2027-03-28,active
BATCH-2025-61A769,Oral Rehydration Salts Sachets,MFG-IN-00002,2025-08-18,2027-08-08,active
BATCH-2025-997B8A,Losartan 50mg Tablets,MFG-IN-00013,2025-12-03,2028-11-17,active
BATCH-2026-CBFA62,Oral Rehydration Salts Sachets,MFG-IN-00006,2026-02-07,2027-08-01,active
BATCH-2025-2FDF7C,Omeprazole 20mg Capsules,MFG-IN-00006,2025-11-25,2028-05-13,active
BATCH-2025-B5D2D3,Ibuprofen 400mg Tablets,MFG-IN-00004,2025-02-23,2027-08-12,active
BATCH-2025-6812B5,Insulin Glargine Injection,MFG-IN-00004,2025-08-08,2028-07-23,active
BATCH-2025-868F3D,Insulin Glargine Injection,MFG-IN-00011,2025-08-29,2028-08-13,active
BATCH-2025-190924,Ciprofloxacin 500mg Tablets,MFG-IN-00012,2025-06-22,2027-06-12,active
BATCH-2026-DFD7CA,Paracetamol 650mg Tablets,MFG-IN-00015,2026-03-24,2027-09-15,active
BATCH-2025-95A039,Paracetamol 650mg Tablets,MFG-IN-00011,2025-02-15,2028-01-31,active
BATCH-2025-7A612D,Amoxicillin 500mg Capsules,MFG-IN-00003,2025-07-30,2028-07-14,active
BATCH-2026-FBFFAE,Oral Rehydration Salts Sachets,MFG-IN-00011,2026-07-08,2029-06-22,active
BATCH-2025-249326,Amoxicillin 500mg Capsules,MFG-IN-00007,2025-02-23,2027-08-12,active
BATCH-2025-BD9EE7,Salbutamol Inhaler 100mcg,MFG-IN-00014,2025-06-30,2026-12-22,active
BATCH-2026-AB9C33,Omeprazole 20mg Capsules,MFG-IN-00004,2026-06-07,2028-11-23,active
BATCH-2025-1868A4,Metformin 500mg Tablets,MFG-IN-00007,2025-11-27,2028-11-11,active
BATCH-2026-9EBB62,Losartan 50mg Tablets,MFG-IN-00004,2026-07-27,2028-01-18,active
BATCH-2026-03CF5B,Doxycycline 100mg Capsules,MFG-IN-00007,2026-04-16,2029-03-31,active
BATCH-2026-82944A,Oral Rehydration Salts Sachets,MFG-IN-00002,2026-01-14,2028-07-02,active
BATCH-2025-BDAE85,Paracetamol 650mg Tablets,MFG-IN-00015,2025-08-08,2027-07-29,active
BATCH-2026-0307E8,Metformin 500mg Tablets,MFG-IN-00015,2026-07-27,2029-01-12,active
BATCH-2025-0CA175,Cetirizine 10mg Tablets,MFG-IN-00001,2025-10-13,2027-04-06,active
BATCH-2025-F06F1D,Doxycycline 100mg Capsules,MFG-IN-00012,2025-04-11,2027-09-28,active
BATCH-2026-95EA6E,Doxycycline 100mg Capsules,MFG-IN-00014,2026-07-21,2029-01-06,active
BATCH-2026-0D1E78,Metformin 500mg Tablets,MFG-IN-00012,2026-03-06,2028-08-22,active
BATCH-2025-3E26A6,Metformin 500mg Tablets,MFG-IN-00014,2025-11-02,2028-10-17,active
BATCH-2026-E267AC,Hepatitis B Vaccine,MFG-IN-00005,2026-02-27,2028-02-17,active
BATCH-2025-F8B9F3,Doxycycline 100mg Capsules,MFG-IN-00011,2025-04-18,2027-10-05,active
BATCH-2025-765E17,Atorvastatin 10mg Tablets,MFG-IN-00002,2025-06-10,2028-05-25,active
BATCH-2025-B3F0E8,Ciprofloxacin 500mg Tablets,MFG-IN-00006,2025-05-04,2026-10-26,active
BATCH-2025-7AC7A8,Atorvastatin 10mg Tablets,MFG-IN-00013,2025-05-01,2027-04-21,active
BATCH-2025-E21BA1,Salbutamol Inhaler 100mcg,MFG-IN-00009,2025-05-02,2026-10-24,active
BATCH-2025-87DFC1,Insulin Glargine Injection,MFG-IN-00010,2025-12-07,2027-05-31,active
BATCH-2026-1EE6B5,Amlodipine 5mg Tablets,MFG-IN-00002,2026-05-01,2028-04-20,active
BATCH-2025-844EE0,Losartan 50mg Tablets,MFG-IN-00005,2025-09-07,2028-08-22,active
BATCH-2025-70EA46,Salbutamol Inhaler 100mcg,MFG-IN-00005,2025-10-01,2028-09-15,active
BATCH-2026-37ECB0,Oral Rehydration Salts Sachets,MFG-IN-00004,2026-05-18,2028-05-07,active
BATCH-2025-590C51,Doxycycline 100mg Capsules,MFG-IN-00001,2025-10-27,2028-10-11,active
BATCH-2025-0A3496,Ibuprofen 400mg Tablets,MFG-IN-00007,2025-10-02,2028-03-20,active
BATCH-2025-A9375B,Doxycycline 100mg Capsules,MFG-IN-00003,2025-10-16,2028-04-03,active
BATCH-2025-4F18AC,Amlodipine 5mg Tablets,MFG-IN-00013,2025-10-22,2028-10-06,active
BATCH-2026-C69956,Omeprazole 20mg Capsules,MFG-IN-00015,2026-05-16,2028-05-05,active
BATCH-2026-40CC8E,Omeprazole 20mg Capsules,MFG-IN-00008,2026-01-17,2028-07-05,active
BATCH-2026-6CFB5D,Salbutamol Inhaler 100mcg,MFG-IN-00013,2026-07-18,2029-07-02,active
BATCH-2026-3B6886,Ibuprofen 400mg Tablets,MFG-IN-00011,2026-01-05,2028-12-20,active
BATCH-2026-F07AD5,Doxycycline 100mg Capsules,MFG-IN-00008,2026-04-02,2029-03-17,active
BATCH-2025-A9104E,Metformin 500mg Tablets,MFG-IN-00006,2025-05-06,2027-04-26,active
BATCH-2026-E76A0B,Paracetamol 650mg Tablets,MFG-IN-00010,2026-04-24,2029-04-08,active
BATCH-2025-A599C3,Azithromycin 250mg Tablets,MFG-IN-00007,2025-02-19,2026-08-13,active
BATCH-2026-19BD0B,Amlodipine 5mg Tablets,MFG-IN-00009,2026-01-23,2028-07-11,recalled
BATCH-2025-C84A5F,Ibuprofen 400mg Tablets,MFG-IN-00010,2025-11-05,2027-04-29,active
BATCH-2025-94FC1C,Metformin 500mg Tablets,MFG-IN-00015,2025-05-12,2027-05-02,active
BATCH-2026-4DFDA2,Omeprazole 20mg Capsules,MFG-IN-00013,2026-03-22,2029-03-06,active
BATCH-2025-632D30,Hepatitis B Vaccine,MFG-IN-00012,2025-10-16,2027-04-09,active
BATCH-2025-99925C,Amoxicillin 500mg Capsules,MFG-IN-00002,2025-11-04,2027-04-28,active
BATCH-2026-329319,Amlodipine 5mg Tablets,MFG-IN-00012,2026-03-18,2028-03-07,active
BATCH-2025-04DE5A,Hepatitis B Vaccine,MFG-IN-00007,2025-08-10,2028-07-25,active
BATCH-2025-6CF3D6,Salbutamol Inhaler 100mcg,MFG-IN-00011,2025-12-15,2027-06-08,active
BATCH-2025-62230F,Doxycycline 100mg Capsules,MFG-IN-00007,2025-02-14,2027-02-04,active
BATCH-2026-22A4B3,Metformin 500mg Tablets,MFG-IN-00013,2026-05-05,2027-10-27,active
BATCH-2026-5ADF03,Omeprazole 20mg Capsules,MFG-IN-00006,2026-02-01,2027-07-26,active
BATCH-2026-145403,Insulin Glargine Injection,MFG-IN-00011,2026-05-20,2029-05-04,active
BATCH-2026-BF43F0,Ciprofloxacin 500mg Tablets,MFG-IN-00006,2026-02-01,2028-01-22,active
BATCH-2026-8AC911,Metformin 500mg Tablets,MFG-IN-00010,2026-07-18,2028-07-07,active
BATCH-2025-B29812,Cetirizine 10mg Tablets,MFG-IN-00002,2025-11-27,2027-11-17,active
BATCH-2026-849105,Doxycycline 100mg Capsules,MFG-IN-00003,2026-01-05,2027-12-26,active
BATCH-2026-3F0B04,Cetirizine 10mg Tablets,MFG-IN-00011,2026-04-18,2028-04-07,active
BATCH-2026-FF675D,Hepatitis B Vaccine,MFG-IN-00006,2026-06-07,2027-11-29,active
BATCH-2025-10C972,Ibuprofen 400mg Tablets,MFG-IN-00008,2025-07-12,2028-06-26,active
BATCH-2025-52FE3D,Oral Rehydration Salts Sachets,MFG-IN-00007,2025-12-30,2028-12-14,active
BATCH-2025-55A45D,Amlodipine 5mg Tablets,MFG-IN-00001,2025-09-25,2027-03-19,active
BATCH-2026-329F00,Hepatitis B Vaccine,MFG-IN-00003,2026-04-26,2029-04-10,active
BATCH-2026-63F30A,Atorvastatin 10mg Tablets,MFG-IN-00002,2026-04-08,2028-09-24,active
BATCH-2026-3FD3BB,Omeprazole 20mg Capsules,MFG-IN-00008,2026-01-07,2027-07-01,active
BATCH-2025-E1DA96,Hepatitis B Vaccine,MFG-IN-00001,2025-09-03,2028-02-20,active
BATCH-2025-48F3FD,Amlodipine 5mg Tablets,MFG-IN-00002,2025-07-24,2028-01-10,active
BATCH-2025-478213,Omeprazole 20mg Capsules,MFG-IN-00003,2025-07-21,2027-01-12,active
BATCH-2025-6668FD,Cetirizine 10mg Tablets,MFG-IN-00010,2025-10-20,2028-04-07,active
BATCH-2025-FAC8CD,Azithromycin 250mg Tablets,MFG-IN-00009,2025-05-27,2028-05-11,active
BATCH-2026-382DC4,Ibuprofen 400mg Tablets,MFG-IN-00014,2026-08-09,2028-07-29,active
BATCH-2026-8A150D,Amlodipine 5mg Tablets,MFG-IN-00014,2026-07-21,2029-07-05,active
BATCH-2025-8C57AA,Salbutamol Inhaler 100mcg,MFG-IN-00005,2025-11-29,2028-11-13,active
BATCH-2026-C821E0,Atorvastatin 10mg Tablets,MFG-IN-00012,2026-08-04,2029-01-20,active
BATCH-2026-F4D356,Metformin 500mg Tablets,MFG-IN-00001,2026-02-02,2028-07-21,active
BATCH-2026-AA3E6D,Omeprazole 20mg Capsules,MFG-IN-00007,2026-01-10,2027-12-31,recalled
BATCH-2026-FF3E31,Insulin Glargine Injection,MFG-IN-00005,2026-04-12,2028-04-01,active
BATCH-2025-ED5CAF,Paracetamol 650mg Tablets,MFG-IN-00015,2025-03-18,2026-09-09,active
BATCH-2026-4A0187,Cetirizine 10mg Tablets,MFG-IN-00015,2026-01-19,2029-01-03,active
BATCH-2026-CA201F,Ibuprofen 400mg Tablets,MFG-IN-00012,2026-06-30,2028-12-16,active
BATCH-2025-B4BD97,Atorvastatin 10mg Tablets,MFG-IN-00006,2025-04-16,2027-10-03,active
BATCH-2026-0D53B0,Losartan 50mg Tablets,MFG-IN-00011,2026-08-08,2028-07-28,active
BATCH-2026-25EBC6,Omeprazole 20mg Capsules,MFG-IN-00001,2026-02-16,2027-08-10,active
BATCH-2025-5123C3,Amoxicillin 500mg Capsules,MFG-IN-00008,2025-02-17,2027-08-06,active
BATCH-2026-BA46B3,Ibuprofen 400mg Tablets,MFG-IN-00007,2026-02-17,2027-08-11,active
BATCH-2025-CF9A1A,Azithromycin 250mg Tablets,MFG-IN-00013,2025-05-02,2027-10-19,active
BATCH-2026-6F9317,Ibuprofen 400mg Tablets,MFG-IN-00013,2026-06-24,2028-06-13,active
BATCH-2026-116BD2,Cetirizine 10mg Tablets,MFG-IN-00010,2026-01-18,2028-07-06,active
BATCH-2026-B2EFE4,Salbutamol Inhaler 100mcg,MFG-IN-00003,2026-06-04,2029-05-19,active
BATCH-2025-209B2D,Ibuprofen 400mg Tablets,MFG-IN-00002,2025-05-17,2028-05-01,active
BATCH-2025-CB802F,Amlodipine 5mg Tablets,MFG-IN-00003,2025-09-14,2027-03-08,active
BATCH-2026-0F69DB,Amoxicillin 500mg Capsules,MFG-IN-00012,2026-07-07,2028-12-23,active
BATCH-2025-4DA6F2,Doxycycline 100mg Capsules,MFG-IN-00004,2025-09-28,2027-03-22,active
BATCH-2026-FB11F6,Amlodipine 5mg Tablets,MFG-IN-00002,2026-03-06,2027-08-28,active
BATCH-2025-A7B41D,Insulin Glargine Injection,MFG-IN-00015,2025-05-24,2028-05-08,active
BATCH-2026-D304D0,Cetirizine 10mg Tablets,MFG-IN-00011,2026-02-11,2027-08-05,active
BATCH-2025-D4EEAE,Paracetamol 650mg Tablets,MFG-IN-00004,2025-03-29,2028-03-13,active
BATCH-2026-FEEB20,Salbutamol Inhaler 100mcg,MFG-IN-00009,2026-01-06,2028-12-21,active
BATCH-2025-AD1A37,Atorvastatin 10mg Tablets,MFG-IN-00003,2025-04-16,2027-10-03,active
BATCH-2026-889E87,Ibuprofen 400mg Tablets,MFG-IN-00013,2026-04-03,2028-09-19,active
BATCH-2025-8E8B69,Amlodipine 5mg Tablets,MFG-IN-00007,2025-03-27,2027-03-17,active
BATCH-2025-A78B18,Paracetamol 650mg Tablets,MFG-IN-00010,2025-10-09,2027-09-29,active
BATCH-2025-7DE013,Amoxicillin 500mg Capsules,MFG-IN-00012,2025-06-18,2028-06-02,active
BATCH-2025-9725BD,Atorvastatin 10mg Tablets,MFG-IN-00013,2025-06-20,2027-12-07,active
BATCH-2025-CAA540,Amoxicillin 500mg Capsules,MFG-IN-00002,2025-10-29,2028-10-13,active
BATCH-2026-1A38A8,Metformin 500mg Tablets,MFG-IN-00012,2026-03-03,2029-02-15,active
BATCH-2025-A2D61B,Cetirizine 10mg Tablets,MFG-IN-00014,2025-11-23,2027-11-13,active
BATCH-2025-ECFBBF,Azithromycin 250mg Tablets,MFG-IN-00011,2025-08-07,2027-01-29,active
BATCH-2025-AA70B6,Ciprofloxacin 500mg Tablets,MFG-IN-00008,2025-12-05,2027-11-25,active
BATCH-2025-CE2BD5,Salbutamol Inhaler 100mcg,MFG-IN-00015,2025-08-04,2028-01-21,active
BATCH-2025-70D0E6,Atorvastatin 10mg Tablets,MFG-IN-00006,2025-04-12,2027-09-29,active
BATCH-2025-BF0405,Cetirizine 10mg Tablets,MFG-IN-00001,2025-08-03,2027-01-25,active
BATCH-2025-4E1A0F,Losartan 50mg Tablets,MFG-IN-00008,2025-10-10,2028-03-28,recalled
BATCH-2026-6784CC,Losartan 50mg Tablets,MFG-IN-00004,2026-04-24,2028-10-10,active
BATCH-2025-29FF2A,Oral Rehydration Salts Sachets,MFG-IN-00010,2025-07-12,2027-07-02,active
BATCH-2026-734F4B,Amlodipine 5mg Tablets,MFG-IN-00001,2026-04-07,2028-09-23,active
BATCH-2025-518C79,Doxycycline 100mg Capsules,MFG-IN-00001,2025-10-07,2027-03-31,active
BATCH-2025-9BBB76,Oral Rehydration Salts Sachets,MFG-IN-00007,2025-03-29,2027-03-19,active
BATCH-2026-61CD23,Amlodipine 5mg Tablets,MFG-IN-00015,2026-03-21,2029-03-05,active
BATCH-2026-C4938F,Metformin 500mg Tablets,MFG-IN-00012,2026-05-08,2027-10-30,active
BATCH-2026-2AA0F6,Metformin 500mg Tablets,MFG-IN-00007,2026-05-16,2027-11-07,active
BATCH-2025-CC266A,Insulin Glargine Injection,MFG-IN-00005,2025-12-13,2028-05-31,active
BATCH-2025-8DF26E,Omeprazole 20mg Capsules,MFG-IN-00002,2025-05-27,2026-11-18,active
BATCH-2025-35273B,Insulin Glargine Injection,MFG-IN-00008,2025-12-23,2027-06-16,active
BATCH-2025-6DA0D3,Hepatitis B Vaccine,MFG-IN-00004,2025-10-08,2028-09-22,active
BATCH-2026-C8CCF9,Losartan 50mg Tablets,MFG-IN-00013,2026-08-06,2028-01-28,active
BATCH-2025-32FB7E,Amlodipine 5mg Tablets,MFG-IN-00012,2025-11-14,2028-10-29,active
BATCH-2025-92EF49,Cetirizine 10mg Tablets,MFG-IN-00005,2025-03-07,2028-02-20,active
BATCH-2025-61F2DF,Amlodipine 5mg Tablets,MFG-IN-00009,2025-04-25,2028-04-09,active
BATCH-2025-7F33D9,Amlodipine 5mg Tablets,MFG-IN-00001,2025-05-23,2027-05-13,active
BATCH-2026-5FB134,Metformin 500mg Tablets,MFG-IN-00011,2026-05-09,2028-10-25,active
BATCH-2026-F14542,Omeprazole 20mg Capsules,MFG-IN-00002,2026-06-27,2029-06-11,active
BATCH-2025-CD2E2C,Insulin Glargine Injection,MFG-IN-00014,2025-05-17,2026-11-08,active
BATCH-2025-4F6213,Salbutamol Inhaler 100mcg,MFG-IN-00015,2025-12-14,2028-11-28,active
BATCH-2025-EB72F4,Ciprofloxacin 500mg Tablets,MFG-IN-00003,2025-07-27,2027-07-17,active
BATCH-2026-78A21E,Paracetamol 650mg Tablets,MFG-IN-00003,2026-06-02,2028-05-22,active
BATCH-2025-641C2D,Oral Rehydration Salts Sachets,MFG-IN-00015,2025-03-30,2026-09-21,active
BATCH-2026-B2E0A7,Amlodipine 5mg Tablets,MFG-IN-00004,2026-06-15,2027-12-07,active
BATCH-2025-660563,Oral Rehydration Salts Sachets,MFG-IN-00013,2025-11-05,2028-04-23,active
BATCH-2025-BCBFAE,Amlodipine 5mg Tablets,MFG-IN-00006,2025-03-05,2027-08-22,active
BATCH-2025-B5CC2E,Amlodipine 5mg Tablets,MFG-IN-00013,2025-06-14,2026-12-06,active
BATCH-2025-1FE484,Paracetamol 650mg Tablets,MFG-IN-00014,2025-07-31,2028-07-15,active
BATCH-2026-B9D4A5,Insulin Glargine Injection,MFG-IN-00010,2026-08-06,2029-01-22,active
BATCH-2026-8C17B0,Ibuprofen 400mg Tablets,MFG-IN-00006,2026-04-24,2028-04-13,active
BATCH-2025-1194AE,Oral Rehydration Salts Sachets,MFG-IN-00003,2025-03-12,2026-09-03,active
BATCH-2025-2AF242,Oral Rehydration Salts Sachets,MFG-IN-00001,2025-02-11,2027-07-31,active
BATCH-2025-27F602,Cetirizine 10mg Tablets,MFG-IN-00006,2025-10-20,2027-04-13,active
BATCH-2025-0B0618,Ibuprofen 400mg Tablets,MFG-IN-00015,2025-05-08,2027-10-25,active
BATCH-2026-9F68F7,Doxycycline 100mg Capsules,MFG-IN-00011,2026-05-12,2027-11-03,active
BATCH-2026-15605B,Salbutamol Inhaler 100mcg,MFG-IN-00003,2026-06-22,2029-06-06,active
BATCH-2026-B64675,Losartan 50mg Tablets,MFG-IN-00013,2026-08-01,2028-01-23,active
