recall_id,entity_id,status
RECALL-2026-D7457A,PHARM-IN-00038,acknowledged
RECALL-2026-D7457A,PHARM-IN-00042,notified
RECALL-2026-D7457A,PHARM-IN-00008,returned
RECALL-2026-D7457A,WHS-IN-00023,returned
RECALL-2026-D7457A,DIST-IN-00013,returned
RECALL-2026-D7457A,PHARM-IN-00022,acknowledged
RECALL-2026-D7457A,DIST-IN-00005,returned
RECALL-2026-D7457A,WHS-IN-00030,quarantined
RECALL-2026-19D32C,WHS-IN-00029,quarantined
RECALL-2026-19D32C,PHARM-IN-00016,notified
RECALL-2026-19D32C,DIST-IN-00005,acknowledged
RECALL-2026-2CBAC5,DIST-IN-00014,quarantined
RECALL-2026-2CBAC5,WHS-IN-00025,acknowledged
RECALL-2026-2CBAC5,PHARM-IN-00059,returned
RECALL-2026-40FDC2,PHARM-IN-00012,quarantined
RECALL-2026-40FDC2,PHARM-IN-00027,returned
RECALL-2026-40FDC2,DIST-IN-00025,returned
RECALL-2026-40FDC2,WHS-IN-00029,returned
RECALL-2025-528C05,DIST-IN-00002,quarantined
RECALL-2025-528C05,PHARM-IN-00016,quarantined
RECALL-2025-528C05,WHS-IN-00009,notified
RECALL-2025-528C05,PHARM-IN-00038,acknowledged
RECALL-2025-CF3DC5,PHARM-IN-00006,notified
RECALL-2025-CF3DC5,WHS-IN-00018,notified
RECALL-2025-CF3DC5,DIST-IN-00017,returned
RECALL-2025-CF3DC5,PHARM-IN-00047,quarantined
RECALL-2026-D56D7D,DIST-IN-00020,returned
RECALL-2026-D56D7D,PHARM-IN-00042,returned
RECALL-2026-D56D7D,WHS-IN-00020,quarantined
RECALL-2026-CF5C77,DIST-IN-00012,acknowledged
RECALL-2026-CF5C77,PHARM-IN-00032,notified
RECALL-2026-CF5C77,WHS-IN-00009,returned
RECALL-2025-298BB2,DIST-IN-00004,returned
RECALL-2025-298BB2,PHARM-IN-00039,quarantined
RECALL-2025-298BB2,PHARM-IN-00032,acknowledged
RECALL-2025-298BB2,WHS-IN-00028,quarantined
RECALL-2025-298BB2,DIST-IN-00001,quarantined
RECALL-2025-298BB2,WHS-IN-00014,notified
RECALL-2026-0F138B,DIST-IN-00024,notified
RECALL-2026-0F138B,WHS-IN-00031,returned
RECALL-2026-0F138B,PHARM-IN-00025,notified
